{"_step":0,"train/train_loss":0.7495318055152893,"train/epoch":1,"_timestamp":1.7370503186059608e+09,"_runtime":2.955653248,"_wandb":{"runtime":3}}