{"val/epoch":100,"_timestamp":1.7370523257166688e+09,"val/mean_valid_loss":0.2844737448862621,"test/test_dice":0.2406898651804243,"test/iou":0.15212724251406534,"_step":3400,"train/epoch":100,"_runtime":697.721514608,"val/val_loss":0.43769410252571106,"train/train_loss":0.04215959087014198,"_wandb":{"runtime":697},"train/mean_train_loss":0.04094360912075409,"test/test_loss":0.289536395243236}