{"train/train_loss": 0.12278417497873306, "train/epoch": 2, "_timestamp": 1722015161.7246258, "_runtime": 46.970956802368164, "_step": 428, "val/val_loss": 0.1323072910308838, "train/mean_train_loss": 0.28744632002003123, "val/mean_valid_loss": 0.2153388574719429, "val/epoch": 1, "_wandb": {"runtime": 46}}