{"val/val_loss": 1.3087284564971924, "_timestamp": 1722013137.6121707, "_runtime": 348.6496777534485, "_step": 27, "train/train_loss": 0.1041249930858612, "train/epoch": 14, "_wandb": {"runtime": 361}}