{"_step":200,"train/epoch":20,"test/iou":0.058609114959836006,"train/train_loss":0.30708345770835876,"val/val_loss":0.3342914879322052,"val/epoch":20,"test/test_loss":0.34869375824928284,"_runtime":120.643172184,"_wandb":{"runtime":120},"_timestamp":1.7370504582868106e+09,"val/mean_valid_loss":0.34246891736984253,"train/mean_train_loss":0.30693680473736357,"test/test_dice":0.09457055665552616}