{"train/epoch":1,"val/val_loss":-312.8147888183594,"_wandb":{"runtime":21},"_timestamp":1.7428117453373742e+09,"_runtime":21.262279063,"_step":29,"train/train_loss":-76.12466430664062}