{"train/train_loss":0.010601247660815716,"val/val_loss":0.12921646237373352,"test/test_dice":0.24632178034101213,"train/mean_train_loss":0.014605826125122033,"_runtime":674.292138675,"_step":3400,"val/epoch":100,"_wandb":{"runtime":674},"val/mean_valid_loss":0.2961003524916513,"train/epoch":100,"_timestamp":1.7370515264888246e+09,"test/iou":0.15794965305498668,"test/test_loss":0.30908442607947756}