{"_wandb":{"runtime":634},"_step":3400,"train/mean_train_loss":-5267.566321739783,"test/test_loss":-5605.499930245535,"test/test_dice":1.8371247053146362,"val/val_loss":-4639.58349609375,"test/iou":20.352187837873185,"_runtime":634.254051107,"val/mean_valid_loss":-5571.447474888393,"val/epoch":100,"train/epoch":100,"train/train_loss":-3577.49462890625,"_timestamp":1.7370536268215563e+09}