{"train/train_loss": 0.17088784277439117, "train/epoch": 9, "_timestamp": 1722058971.125768, "_runtime": 224.84158897399902, "_step": 2107, "val/val_loss": 0.08163389563560486, "train/mean_train_loss": 0.14470913901113638, "val/mean_valid_loss": 0.21618361368775368, "val/epoch": 8, "_wandb": {"runtime": 223}}